customer_id,customer_name
C1,Kevin Williams
C2,Emily Martinez
C3,Keith Morrison
C4,Andrea Preston
C5,Meredith Brown
C6,Patrick Dunn
C7,Karen Murphy
C8,Melissa Whitehead
C9,Anthony Peterson
C10,Nancy Peters
C11,Joy Wilson
C12,Joseph Frost
C13,April Murphy
C14,Martin Bonilla
C15,Steven Burns
C16,Shawn Smith
C17,Katelyn Meyer
C18,Vickie Mcbride
C19,Jacqueline Walsh
C20,Steven May
C21,Michael Jenkins
C22,Jon Taylor
C23,Keith Baker
C24,Allison Harris
C25,Lauren Mccullough
C26,Hannah Carlson
C27,William Gray
C28,Karen Hill
C29,Derrick Thompson
C30,Kevin Cross
C31,Whitney Lee
C32,John Allen
C33,David Gray
C34,Joseph Rose
C35,Mary Bradley
C36,Holly Diaz
C37,Julia Grant
C38,Billy Mcdowell
C39,Seth Silva
C40,Allison Green
C41,Mark Juarez
C42,Juan Phillips
C43,Riley Henson
C44,Cassandra Higgins
C45,Jessica Obrien
C46,Sarah Gordon
C47,Jacqueline Gordon
C48,Michael Harris
C49,Jeffrey Hill
C50,Chloe Harris
C51,Tracy Dunn
C52,Teresa Rogers
C53,Marilyn Butler
C54,Chase Swanson
C55,Timothy Santos
C56,Steven Roberts
C57,Latasha Stone
C58,Steven Doyle
C59,Tiffany Rodriguez
C60,Eric Maxwell
C61,Brian Gray
C62,James Shelton
C63,Danielle Rodriguez
C64,Linda Bush
C65,Jeffery Torres
C66,Christina Munoz
C67,Mary Hill
C68,Crystal Garcia
C69,Jason Hines
C70,Laura Lawson
C71,Michelle Medina
C72,Gabriel Mitchell
C73,Allison Ortiz
C74,Jessica Stein
C75,Eric Bradford
C76,Donna Frost
C77,Lisa Thomas
C78,Anthony Cruz
C79,Thomas Morris
C80,Brett Mayo
C81,Paul Ball
C82,Heather Murray
C83,Walter Foster
C84,Leslie Mcmillan
C85,Kevin Duke
C86,Andrea Hill
C87,George Young
C88,Heather Garcia
C89,Ryan Maxwell
C90,Alexis Adams
C91,Joseph Brown MD
C92,Robert Hayes
C93,James Owens
C94,Jay Macdonald
C95,David Colon
C96,Angela Griffith
C97,Lauren Marsh
C98,Francisco Brooks
C99,Brent Floyd
C100,Jessica Brewer MD
C101,Robert King
C102,Andrew Avila
C103,Jeffrey Scott
C104,Michelle Delgado
C105,Denise Brown
C106,Alyssa Copeland
C107,Larry Clark
C108,James Lee
C109,Emily Lee MD
C110,Benjamin Williams
C111,Christopher Little
C112,Kyle Carter
C113,Linda Deleon
C114,Kristin Krause
C115,Mr. Joshua Moses
C116,Mr. Martin Clayton
C117,Michelle Smith
C118,Susan Green
C119,Dr. Robert Wright Jr.
C120,Shaun Haney
C121,James Day
C122,Michelle Hart
C123,Mr. Victor Hickman MD
C124,Jeffery Ford
C125,Shawn Johnson
C126,Kara Juarez
C127,Jennifer Carter
C128,Phillip Murphy
C129,Jason Chavez
C130,Angela Adams
C131,Phillip Williams
C132,Gregory Holmes
C133,Evelyn Wade
C134,Patricia Hunt
C135,Rebecca Wood
C136,David Underwood
C137,Joshua Ray
C138,Sean Rogers
C139,Eric Leach
C140,Samuel Hunt
C141,Adam Gonzalez
C142,Sean Collier
C143,Christopher Brooks
C144,Amanda Gibson
C145,Thomas Lee
C146,Denise Gonzalez
C147,Anthony Smith
C148,David Gray
C149,Amanda Greene
C150,Tony Dean
C151,Eugene Williamson PhD
C152,Sarah Andrews
C153,Mary White
C154,Ryan Anderson
C155,Samantha Caldwell
C156,Kim Jones
C157,Mr. Timothy Dunn II
C158,Lucas Mendoza
C159,Summer Curtis
C160,Thomas Cantu
C161,Ashley Contreras
C162,Douglas Abbott
C163,Betty Hall
C164,Marvin Carter
C165,Juan Wang
C166,Jerome White
C167,Michelle Stephenson
C168,Nicholas Ruiz
C169,Laura Garcia
C170,Melinda Barker
C171,Daniel Vega
C172,Denise Carlson
C173,Luke Rodriguez
C174,Dr. Michael Carey DDS
C175,Johnny Hill
C176,Lisa Washington
C177,Jennifer Mayo
C178,Christopher Williams
C179,Michael Barrera
C180,Alicia Johnson
C181,Amanda Turner
C182,Juan Huang
C183,Amanda Brown
C184,Stacey Mosley
C185,Angela Anderson
C186,Isaiah Pierce
C187,Travis Lawson
C188,Tonya Thompson
C189,Cynthia Burton
C190,Kenneth Jackson
C191,Jeff Nelson
C192,Karen Lindsey
C193,Kyle Benitez
C194,Robert Osborne
C195,Tina Day
C196,Mary Gonzales
C197,Kathryn Barker
C198,Taylor Taylor
C199,Kelly Mosley
C200,Daniel Byrd
C201,Brian Brown
C202,Jacob Hansen
C203,Christopher Bates
C204,Kimberly Curry
C205,Wendy Gill
C206,James Marks
C207,Christopher Coleman
C208,John Wong
C209,Stephanie Stevens
C210,Carly Butler
C211,Laura Young
C212,Kathleen Porter
C213,Joshua Martinez
C214,Ms. Dawn Hunt
C215,Tonya Brown
C216,Cody Martin
C217,Mr. Charles Simmons
C218,Joyce Ramos
C219,Marcus Koch
C220,Gary Marsh DDS
C221,Diane Taylor
C222,Jill Hopkins
C223,Vincent Spears
C224,Angela Little
C225,Paul Stone
C226,David Bryant
C227,Megan Stevens
C228,Crystal Acosta
C229,Yolanda Lee
C230,Kathy Lewis
C231,Stacey Snow
C232,Christopher Edwards
C233,Luke Nixon
C234,Russell Johnson
C235,John Jones
C236,Stephen Rogers
C237,Joanne Mcintosh
C238,Shawn Taylor
C239,Alicia Smith
C240,Megan Perez
C241,Miguel Campbell
C242,Daniel Conner
C243,Jose Thompson
C244,Dr. Jessica Powell
C245,Eric Johnson
C246,Melissa Sherman
C247,Antonio Montoya
C248,Brian Morris
C249,Amanda Perry
C250,Marie Allen
C251,Leah Gonzalez
C252,Ashley Stevenson
C253,Kelly Todd
C254,Jill Knight
C255,Brian Pierce
C256,Nicole Robinson
C257,Charles Fisher
C258,Kathleen Wilson
C259,Derek Warren
C260,Michael Murphy
C261,Christopher Stanley
C262,Angela Murillo
C263,Mary Jones
C264,Michelle Wilson
C265,Mario Ross
C266,Emily Ritter
C267,Robert Nelson
C268,Nathan Hill
C269,Yolanda Hicks
C270,Kelly Ashley
C271,Melissa Miller
C272,Michelle Richmond
C273,Jennifer Arroyo
C274,Thomas Smith
C275,Jennifer Mason
C276,Bianca Ray
C277,Linda Maxwell
C278,Samantha Wagner
C279,Devin Wilson
C280,John Reynolds
C281,Jason Hernandez
C282,Ricardo Morse
C283,Christina Ryan
C284,Holly Rivers
C285,Mary Morrow
C286,Timothy Williams
C287,Joseph Smith
C288,Brandi Lambert
C289,Olivia Simmons
C290,Richard Cummings
C291,Denise Patel
C292,Daniel Thompson
C293,Christine Price
C294,Steven Beck
C295,Jacqueline Higgins
C296,Tammy Buchanan
C297,Jordan French
C298,Samantha Hull
C299,Brandon Robinson
C300,Leslie Evans
C301,Alexis Richards
C302,Christina Knight
C303,Brittany Hoffman
C304,Felicia Martin
C305,Kelli Diaz
C306,Darlene Mcintosh
C307,Caroline Martinez
C308,Edward Cortez
C309,Sarah Clayton
C310,Beth Flores
C311,Richard Lawson
C312,Ethan Lowe
C313,Matthew Davis
C314,Pamela Wilson
C315,Maurice Bright
C316,Megan Mccarty
C317,Courtney Patrick
C318,Hannah David
C319,Elizabeth Kim
C320,Christopher Lloyd
C321,Danielle Norton
C322,Lee Butler
C323,Michelle Harris
C324,Maureen Wilson
C325,William Walker
C326,Benjamin Gibson
C327,Christopher Ward
C328,Tonya Briggs
C329,Mitchell Mullen
C330,Frank Wolf
C331,Paul Grant
C332,Jennifer Diaz
C333,Bonnie Munoz
C334,Raymond Salazar
C335,Rodney Lynn
C336,Tony Calderon
C337,Andrea Edwards
C338,Ashlee Beck
C339,Steven Herring
C340,Tonya Hicks
C341,Brooke Blackwell
C342,Erik Joseph
C343,Eugene Webb
C344,James Holmes
C345,April Lee
C346,David Stone
C347,Faith Gonzalez
C348,David Pugh
C349,Wendy Forbes
C350,Grace Turner
C351,Laura Medina
C352,Linda Maldonado
C353,Jennifer Harris
C354,Rebecca Taylor
C355,Larry Gallagher
C356,Teresa Mann
C357,Edward Johnson
C358,Ashley Thomas
C359,Shannon Hartman
C360,Ann Jacobs
C361,Brian Gregory
C362,Joshua Lee
C363,Juan Moreno
C364,Michael Petersen
C365,Mary Price
C366,Anthony Armstrong
C367,Crystal Wood
C368,Adrian Mann
C369,David Jensen
C370,Thomas Lopez
C371,Joseph Chavez
C372,Sarah Brooks
C373,Eric Hill
C374,Brittany Brown
C375,Jasmine Thompson
C376,Christine Flynn
C377,Matthew Phillips
C378,Debra Dorsey
C379,Timothy Lee
C380,Katrina Chase
C381,Taylor Robertson
C382,Krystal Phillips
C383,Kimberly Miller
C384,Tiffany Proctor
C385,Ashley Dennis
C386,Thomas Wilson Jr.
C387,Erin Olson
C388,Danny Robertson
C389,James Ortiz
C390,Amy Johnson
C391,Mark Owens
C392,Sandra Jenkins
C393,Kayla Garrett
C394,Ricardo Duncan
C395,Rachael Boone
C396,Anthony Wilson
C397,Craig Brown
C398,Kevin Murphy
C399,Carla Long
C400,Charles Chavez
C401,John Brown
C402,Brian Jackson
C403,Melanie Hill
C404,Steven Silva
C405,Danielle Harrison
C406,Maria Williams
C407,Jared Ford
C408,Deanna Myers
C409,David Pace
C410,Deborah Jenkins
C411,Bradley Brown
C412,Joseph Cox
C413,Jill Brown
C414,Kim Torres
C415,Andrew Mcdowell
C416,Joshua Burke
C417,Ashley Terry
C418,Matthew Blake
C419,Elizabeth Gonzalez
C420,Michael Wright
C421,Dr. Veronica Kramer
C422,Mr. David Hernandez
C423,Kimberly Davis
C424,Lisa Henry
C425,David Farley
C426,Mr. Jeffrey Thompson Jr.
C427,Krystal Owen
C428,William Villanueva
C429,Ashley Webb
C430,Dwayne Mosley
C431,Crystal Garner
C432,Brandi Owens
C433,Lindsay Sanchez
C434,Eric Oneal
C435,Jason Lewis
C436,Angela Cooley
C437,Kevin Green
C438,Chelsea Chavez
C439,John Fernandez
C440,Eric Coleman
C441,Brenda Espinoza
C442,Dr. Mark Baldwin
C443,Dustin Johnson
C444,Alexis Kelly
C445,Stephen Peterson
C446,Elizabeth Baker
C447,Christine Johnson
C448,Nancy Hicks
C449,Mallory Allen
C450,James Hill
C451,Amanda Dunn
C452,Madison Gamble
C453,Spencer Curtis
C454,Lisa Mclaughlin
C455,Megan King
C456,Brandon Edwards
C457,Michelle Anderson DDS
C458,Dominique Green
C459,Alicia Douglas
C460,Michelle Lee
C461,Jeremy Perry
C462,Patrick Lopez
C463,Andrew Harris
C464,James Barber
C465,Tracy Baker
C466,Emma Gillespie
C467,Matthew Davis
C468,Jessica Martinez
C469,Michael Murray
C470,Angelica Hale
C471,Jason Garner
C472,Jasmin Gordon
C473,Emily Brown
C474,Claudia Carrillo
C475,Ruben Long
C476,Michael Lopez
C477,Megan Mckenzie
C478,Diana Ray
C479,Jenna Holt
C480,Michelle Foster
C481,Monica Holmes
C482,Keith Calhoun
C483,Christopher Barnett
C484,Justin Jackson
C485,Phyllis Smith
C486,Jake Garcia
C487,Brian Alexander
C488,Kim Henderson
C489,Sandra Walton
C490,Amanda Harrison
C491,Steven Foster
C492,Autumn Jensen
C493,Mary Brown
C494,Herbert Hudson
C495,Lisa Wright
C496,Sean Smith
C497,Joel Howe
C498,Joseph Peterson
C499,Megan Murphy
C500,Ryan Hines
C501,Janice Page
C502,Joan Washington
C503,Dr. Micheal Hoover
C504,Jeff Ferguson
C505,Alan Zimmerman
C506,Willie Gibson
C507,Cynthia Brown
C508,Sarah Roberts
C509,Dustin Reid
C510,Susan Patel
C511,Gregory Brown
C512,Hannah Adams
C513,Regina Guerrero
C514,Sheila Middleton
C515,Logan Pierce
C516,Thomas Hall
C517,Sarah Walker
C518,Heidi Miller
C519,Jason Bolton
C520,Yolanda Soto
C521,Douglas James
C522,Luke Bowen
C523,Timothy Trevino
C524,Dustin Wilson
C525,Debbie Drake
C526,Annette Coleman
C527,Cody Johnson
C528,Shannon Mitchell
C529,Michael Bender
C530,Christina Evans
C531,Crystal Day
C532,Anne Rubio
C533,Rita Flores
C534,Roberta Schaefer
C535,Jodi Gonzalez
C536,Mr. Thomas Ward
C537,Mark Jones
C538,Thomas Warren
C539,Charles Gillespie
C540,Holly Gillespie
C541,Kimberly Farmer
C542,Dennis Wheeler
C543,Stephanie Nelson
C544,Mrs. Lindsey Valdez MD
C545,Victoria Williams
C546,Catherine Oneill
C547,Charles Acosta
C548,Victor Andersen
C549,John Small
C550,Grant Downs
C551,Amanda Ibarra
C552,Elizabeth Stephenson
C553,Michael Barton
C554,Jonathan Meyer
C555,Emily Morgan
C556,Melissa Stanton
C557,Alexander Gilbert
C558,Jennifer Campbell
C559,Diane Kemp
C560,Whitney Beasley
C561,Allen Martin
C562,Margaret Lopez
C563,Lisa Browning
C564,Emily Campbell
C565,Zachary Harrison
C566,Alison Rich
C567,Francisco Eaton
C568,Willie Carey
C569,Julie Clark
C570,Becky Harrington
C571,Calvin Allison
C572,Julie Wilson
C573,Mrs. Kimberly Chavez
C574,Dr. Ray Johnson
C575,Keith Frazier
C576,Kimberly Kim
C577,Regina Casey
C578,Rebecca Finley
C579,Andrea Mooney
C580,Kimberly Sanchez
C581,Andrea Todd
C582,Brittany Chandler
C583,Caitlin Shea
C584,Jessica Rogers
C585,Lauren Brooks
C586,Kelsey Drake
C587,Brooke Bradley
C588,Shannon Jones
C589,Rebecca Snyder
C590,Jacqueline Oliver
C591,Sharon Barnes
C592,Brandon Peterson
C593,Matthew Gonzalez
C594,Justin Lucas
C595,Donald Lewis
C596,Jerry Rodriguez
C597,James Koch
C598,John Stevens
C599,Nichole Martinez
C600,Faith Whitehead
C601,Robert Smith
C602,Christine Bryant
C603,Jill Bradshaw
C604,Brian Haynes
C605,Dana Richards
C606,Justin Huynh
C607,Kenneth Chambers
C608,Lonnie Stephenson
C609,Steven Peters
C610,Karen Hebert
C611,Kimberly Baker
C612,Christine Charles
C613,Scott Taylor
C614,Lisa Gallegos
C615,Briana Johnson
C616,Katie Brady
C617,Summer Steele
C618,Ronald Davis
C619,Rebecca Lowe
C620,Mark Black
C621,Kathleen Collier
C622,David Williams
C623,Jason Stanley
C624,James Taylor
C625,James Wyatt
C626,Anna Nolan
C627,Lisa Pearson
C628,David Davis
C629,Matthew Thompson
C630,Morgan Rogers
C631,Joseph White
C632,Edwin Duke
C633,Anita Harris
C634,Michelle Nichols
C635,Jacob Cantrell
C636,Chelsea Bell
C637,Cynthia James
C638,Courtney Daniel
C639,Kendra Chase
C640,Melissa Gonzalez
C641,Brianna Bennett MD
C642,Austin Church
C643,Frederick Russell
C644,Thomas Moyer
C645,Sarah Hawkins
C646,Grant English
C647,Lauren Sanchez
C648,Christina Hawkins
C649,Erica Branch
C650,Alexis Wells
C651,Tony Cox
C652,Dr. Pamela Flynn MD
C653,Tamara Christian
C654,Thomas Rubio
C655,Jessica Garcia
C656,Priscilla Ramos
C657,Emily Smith
C658,Regina Jones
C659,Katherine Mcdaniel
C660,Austin Hale
C661,Dylan Roberson
C662,Krystal Perez
C663,Mitchell Roberts
C664,Christopher Charles
C665,Sonya Johnson
C666,David Garza
C667,Robyn Olson
C668,Curtis Turner
C669,Renee West
C670,Sarah Wright
C671,Rebecca Rodgers
C672,Jennifer Martinez
C673,Amy Anderson
C674,Andrea White
C675,Sarah Collier
C676,Patricia Cook
C677,Brian Terry
C678,Michelle Fisher
C679,Heather Sanchez
C680,Richard Palmer
C681,Ryan Harris
C682,Paige Adkins
C683,Cassidy Jenkins
C684,Gary Bryant
C685,Blake Juarez
C686,Morgan Roberts
C687,Jeffrey Cantu
C688,Wendy Fitzgerald
C689,Stephanie Young
C690,Lauren Gonzalez
C691,Bethany Moran
C692,Jeanette Mccarthy
C693,Leonard Strickland
C694,Heidi Santana
C695,Erica Martin
C696,Dawn Lawrence
C697,Kerry Thompson
C698,David Davis
C699,Carrie Herrera
C700,Daniel Willis
C701,Dylan Moore
C702,Mark Baldwin
C703,Chad Harris
C704,Martha Ponce
C705,Marie Hughes
C706,Bryan Freeman
C707,Spencer Jackson
C708,William French
C709,Claire Walls
C710,Vernon Murphy
C711,Grant Hall
C712,Jessica Mckee
C713,Carrie Mitchell
C714,Jacob Bradley
C715,Robert Evans
C716,Courtney Powell
C717,Mark Medina
C718,Robin Rodriguez
C719,David Payne
C720,Kathy Martinez
C721,Wesley Jones
C722,Angela Kline
C723,Patrick Payne
C724,Lauren Anderson
C725,Stephanie Peterson
C726,Tracy Murray
C727,Margaret Harrington
C728,Brittany Morton
C729,Jacqueline Smith
C730,Timothy Taylor
C731,Larry Ford
C732,Ryan Thomas
C733,Evelyn Hobbs
C734,Jeffrey Sheppard
C735,Heather Carter
C736,Bailey Cunningham
C737,Kimberly Mckinney DDS
C738,Jermaine Collins
C739,Christina Neal
C740,Paige Wilson
C741,Molly Robinson
C742,David Faulkner
C743,Craig Marshall
C744,Alexandra Carson
C745,Ryan Sullivan
C746,Melinda King
C747,Laura Benitez
C748,Lisa Luna
C749,Breanna Fisher
C750,Rachael Duncan
C751,Melissa Gray
C752,Cory Mcgee
C753,Megan Garcia
C754,Collin Lindsey
C755,Melissa Shepard
C756,John Taylor
C757,Crystal Anderson
C758,Jerry Lamb
C759,Latoya Wolfe
C760,Samantha Guerrero
C761,Victoria Long
C762,Amanda Hernandez
C763,Lucas Horton
C764,Justin Herring
C765,Clinton Reid
C766,David Wright
C767,Michael Smith
C768,Ryan Ferguson
C769,Amanda Torres
C770,Brandy Diaz
C771,Tracy Howe
C772,Pamela Simmons
C773,Catherine Porter
C774,Stephanie Gardner
C775,Erin Jones
C776,Dr. Eric Farley
C777,Anthony Arellano
C778,Stephanie Rogers
C779,Kenneth Murillo
C780,Gregory Williams
C781,Rachael Smith
C782,Amy Noble
C783,John Orozco
C784,Charles Bailey
C785,Brooke Smith
C786,Elizabeth Boone
C787,Christopher Stafford
C788,Douglas Lopez
C789,Cindy Richardson
C790,Christine Smith
C791,Amy Wagner
C792,Nathan Cardenas
C793,Devin Rice
C794,Cesar James
C795,Martin Patton
C796,Elizabeth Munoz
C797,Scott Harris
C798,Elizabeth Rivera
C799,Richard Osborne
C800,Colleen Case
C801,Scott Holloway
C802,Shari White
C803,Edward Rodriguez
C804,Mark Leach
C805,Angela Wilson
C806,Clifford Smith
C807,Elizabeth Cruz
C808,Brian Osborne
C809,Mike Garcia
C810,Timothy Kelly MD
C811,Joshua Cook
C812,Yvonne Jones
C813,John Davis
C814,Keith Delacruz
C815,Michael Grant MD
C816,Priscilla Fuller
C817,Robert Wright
C818,Deborah Hamilton
C819,Chad Williams
C820,Gregory Brown
C821,Jack Cooper
C822,Nicole Reed
C823,Latoya Gutierrez DDS
C824,Heather Williams
C825,Randy Johnson
C826,Peggy Wilson
C827,Kristina Nguyen
C828,Sharon Johnson
C829,Thomas Winters
C830,Jasmine Gonzalez
C831,Ronald Holt
C832,Michael Moore
C833,Michelle Gates
C834,Jonathan Mendoza
C835,Bradley Wilson
C836,Robert Smith
C837,Jennifer Acevedo
C838,Kerry Carter
C839,Jenna Russell
C840,Amanda Harper
C841,Michael Russell
C842,Wendy Smith
C843,Craig Jones
C844,Gabriela Odonnell
C845,Raymond Clark
C846,Teresa Riley
C847,Robert Wood
C848,Rhonda Martinez
C849,Taylor Walters
C850,Benjamin Wood
C851,Cameron Tucker
C852,Mr. Christopher Ford III
C853,Crystal Nunez
C854,Lauren Gonzalez
C855,Jonathan Dickson
C856,Pamela Melendez
C857,Darius Barnes
C858,Matthew Escobar
C859,Christopher Williams
C860,Michele Price
C861,Joshua Powers
C862,Cody Williams
C863,Anna Turner
C864,Krystal Schneider
C865,Jesse Jones
C866,Crystal Strickland
C867,Tyler Jones
C868,Kenneth Snyder
C869,James Carter
C870,Linda Rangel
C871,Kyle White
C872,James Barber
C873,Mark Calderon
C874,Michael Carpenter
C875,Kirsten Miller
C876,Dominique Harvey
C877,Michael Smith
C878,Charles Morales
C879,Gabriella Warner
C880,Nancy Mitchell
C881,Nicole Walker
C882,Charles Bryant
C883,Joshua Bullock
C884,Christopher Cowan
C885,Charles Thompson
C886,Elizabeth Walker
C887,Victor Gonzalez
C888,Thomas Chambers
C889,Catherine Webb
C890,Martha Jones
C891,Stacy Martinez
C892,Stephanie Simpson
C893,Antonio Kramer
C894,Jennifer Jordan
C895,John Osborne
C896,Jack Wood
C897,Laura Schultz
C898,Donna Brooks
C899,Brianna Tate
C900,Vincent Adams
C901,Luis Vazquez
C902,Mary Myers
C903,Nicholas Nguyen
C904,Sarah Freeman DVM
C905,Russell Hill
C906,Lindsay Smith
C907,Christina Booker
C908,Carolyn Freeman
C909,Ricardo York
C910,Joseph Brooks
C911,Cody Gray
C912,Teresa Davis
C913,Tammy Ramirez
C914,Tracey Johnson
C915,Cheryl Gilbert DVM
C916,Paula Ibarra
C917,Alex Adams
C918,Luis Hunt
C919,Melissa Adams
C920,Tricia Smith
C921,Vincent Hernandez
C922,George Marshall
C923,Jennifer Kim
C924,Gabriel Mckinney
C925,Robert Walters
C926,Derek Martinez
C927,Beth Sexton
C928,Michele Li
C929,Julia Hill
C930,Edward Hoover
C931,Charlotte Ramos
C932,Lisa Long
C933,Albert Wilson
C934,Marc Rivera
C935,Tonya Kline
C936,Mary Hayes
C937,Brian Lopez
C938,Melanie Garcia
C939,Shannon Garcia
C940,Kimberly Oconnor
C941,Christopher Haynes
C942,Lauren Moody
C943,Mia Irwin
C944,Angela Zuniga
C945,William Herman
C946,Hector Rodriguez
C947,Melanie Schultz
C948,Jennifer Wright
C949,Robert Nolan
C950,Ashley Williams
C951,John Anderson
C952,Peggy Cooke
C953,Michael Bowen
C954,Laura Spears
C955,Michelle Webster
C956,Donald Wright
C957,Rebecca Glass
C958,Scott Dorsey
C959,Marvin Green
C960,Stephen Baker
C961,Krystal White
C962,Gary Campbell
C963,Natalie Ferguson
C964,Bradley Molina
C965,Rhonda Lopez
C966,Daniel Bolton
C967,Natasha Kelley
C968,Joseph Smith
C969,Amanda Madden
C970,Shelly Clark
C971,Ashley Riley
C972,Bailey Sanders
C973,Kevin Hanson
C974,Penny Hall
C975,Tammy King
C976,Nathan Brown
C977,Courtney Martinez
C978,Julie Howell
C979,Emily Haley
C980,Lorraine Drake
C981,Mariah Jones
C982,Karen Garcia
C983,Jonathan Palmer
C984,Cindy Roberts
C985,Kimberly Baldwin
C986,Karen Reyes
C987,Meagan Beard
C988,Donald Carey
C989,Peter Cervantes
C990,Christopher Robertson
C991,Drew Cole
C992,Teresa Hess
C993,Megan Bauer
C994,Susan Wilson
C995,Todd Sanders
C996,Brian Neal
C997,Shari Jarvis
C998,Robert Hanson
C999,Cassandra Bailey
C1000,Lisa Conrad
C1001,Karen Hill
C1002,Devon Figueroa DVM
C1003,Theresa Noble
C1004,Daniel Chandler
C1005,James Wilson
C1006,Douglas Gardner
C1007,Mary Henderson
C1008,Amber Madden
C1009,Brian Gutierrez II
C1010,Leslie Jackson
C1011,Christina Mitchell
C1012,Joshua King
C1013,Susan Mendoza
C1014,Mary Gonzalez
C1015,Kevin Alexander
C1016,Kaitlin Noble
C1017,Alexander Johnson
C1018,Donna Willis
C1019,David Ross
C1020,Autumn Hernandez
C1021,Leslie Kim
C1022,James Cabrera
C1023,Maureen Roth
C1024,Melissa Bender
C1025,Michelle Jenkins
C1026,Laura Smith
C1027,Jack Lopez
C1028,Jacob Haynes
C1029,Yvonne Carter
C1030,Willie Baker
C1031,Jacob Riley
C1032,Matthew Clark
C1033,Danielle Nelson
C1034,Michael Jackson
C1035,Chris Wade
C1036,Sarah Mcmahon
C1037,Ronald Jefferson
C1038,Christina Stanton
C1039,Courtney Hurley
C1040,Angela Snyder
C1041,Christina Finley
C1042,Karen Anderson
C1043,Seth Byrd
C1044,Randy Simmons
C1045,Kim Walter
C1046,William Mckay
C1047,Heather Wise
C1048,Andrea Nelson
C1049,Brian Novak
C1050,Kerri Mccarthy
C1051,Victoria Wilson
C1052,Jessica Bass
C1053,Madison Martinez
C1054,Kathy Mullins
C1055,Glenn Johnson
C1056,Marcus Moore
C1057,Ashley Baker
C1058,Kevin Watts
C1059,Kevin Moore
C1060,Ariel Farrell
C1061,Courtney Palmer
C1062,Aaron Fernandez
C1063,Margaret Allen
C1064,Tyler Woods
C1065,Alyssa Summers
C1066,Robert Young
C1067,Joseph Bridges
C1068,Daniel Collins
C1069,Alexander Sherman
C1070,Courtney Johnson
C1071,Paula Bryan
C1072,Michael James
C1073,Carolyn Morgan
C1074,Tonya Green
C1075,Sabrina Wilson
C1076,Herbert Arnold
C1077,Keith Cook
C1078,Douglas Taylor
C1079,Judy Mayo
C1080,Kimberly Anderson
C1081,Cameron Barker
C1082,Brent Aguilar
C1083,Richard Rodriguez
C1084,Jennifer Castro
C1085,Ryan Pierce
C1086,Kenneth Roman
C1087,Eric Graham
C1088,Brian Brooks
C1089,Scott Horton
C1090,John Cabrera
C1091,Robert Barnes
C1092,Brandon Neal MD
C1093,Jennifer Davila
C1094,Tiffany Smith
C1095,Kevin Mcconnell
C1096,Theresa Walsh
C1097,Carl Hurley
C1098,Angela Roth
C1099,Charles Wiggins
C1100,Christy Anderson
C1101,Michele Wilson
C1102,Elizabeth Carroll
C1103,Theresa Hernandez
C1104,Jennifer Harper
C1105,Maria Owen
C1106,Kelsey Miller
C1107,Julie Collins
C1108,William Garcia
C1109,Jessica Kelly
C1110,Savannah Barrera
C1111,Brittney Smith
C1112,James Goodwin
C1113,Frank Lawrence
C1114,Jill Holt
C1115,Shawn Hunter
C1116,Kerry Jones
C1117,Carolyn Gonzalez
C1118,Leslie Mcneil
C1119,Nicholas Randall
C1120,Mark Thomas
C1121,Victor Hanson
C1122,Mr. Brandon Anderson
C1123,Willie Murray
C1124,Carrie Hernandez
C1125,Alyssa Mason
C1126,Virginia Bennett
C1127,Kathy Roberts
C1128,Rebecca Jenkins
C1129,John Smith
C1130,Theresa Jackson
C1131,Amanda Wallace
C1132,Shaun Luna
C1133,Angie Martinez
C1134,Don Freeman
C1135,Miranda Ramos
C1136,John Campbell
C1137,Ruben Clark
C1138,Shelley Costa
C1139,Nathan Buchanan
C1140,Michael Brown
C1141,Richard Smith
C1142,Gregory Duran
C1143,Jason Medina
C1144,Carly Flynn
C1145,Cameron Fitzpatrick
C1146,Michael Gonzales
C1147,Nancy Thomas
C1148,Jason Hensley
C1149,Jennifer Ball
C1150,Lisa Smith
C1151,Zoe Owens
C1152,Zachary Charles
C1153,Robert Lawson
C1154,Kimberly Andrews
C1155,Margaret Flores
C1156,Valerie Smith
C1157,Johnathan Hoffman
C1158,Megan Russell
C1159,Bethany Dudley
C1160,Heather Craig
C1161,Craig Sawyer
C1162,Jennifer Page
C1163,Jason Valdez
C1164,Mark Smith
C1165,William Galloway
C1166,Samantha Nixon
C1167,Anthony Ewing
C1168,Robert Harris
C1169,Craig Stewart
C1170,Michael Fisher
C1171,Bradley Ballard
C1172,Sandra Fletcher DVM
C1173,Joseph Willis
C1174,Carl Davis
C1175,Donna Rivera
C1176,Crystal Miller
C1177,Ethan Parks
C1178,Micheal Ramos
C1179,Jessica Harris
C1180,Katie Jenkins
C1181,Andrea Perez
C1182,Chris Campos
C1183,Catherine Goodwin
C1184,Lisa Stewart
C1185,Joseph Meyer
C1186,Karen Cruz
C1187,Katie Evans
C1188,Henry Mccoy
C1189,Lisa Phillips
C1190,Ricky Sims
C1191,Jermaine Jones
C1192,Garrett Herrera
C1193,Alison Clark
C1194,Margaret Johnston
C1195,Michelle Arias
C1196,Jason Woods
C1197,Richard Schneider
C1198,Diana Dunn
C1199,Joshua Gamble
C1200,Kelly Smith
C1201,Nicole Glover
C1202,Gloria Johnson
C1203,Emily Ingram MD
C1204,Eric Merritt
C1205,Susan Miller
C1206,Allen Wheeler
C1207,Kayla Mills
C1208,Paula Gonzales
C1209,Paige Lamb
C1210,David Mack
C1211,Joshua Carter
C1212,Jeremy Smith
C1213,Joseph Ingram
C1214,Dawn Taylor
C1215,John Villegas
C1216,Jeanette Mccoy
C1217,Caitlin Gentry
C1218,Heather Myers
C1219,Ashlee Weeks
C1220,Dr. Shawn Perkins
C1221,Amy Cunningham
C1222,Michael Morgan
C1223,Nicole Rice
C1224,Benjamin Mcpherson
C1225,Andrew Dunlap
C1226,Alyssa Clark
C1227,Christopher Bennett
C1228,Olivia Allen
C1229,Shelley Buchanan
C1230,Caitlin Ford
C1231,Deborah Gilbert
C1232,Christian Jones
C1233,Angela Graham
C1234,Jennifer Lopez
C1235,Jonathan Meadows
C1236,Kevin Patrick
C1237,Cindy Daniel MD
C1238,David Schneider
C1239,Ashley Adams
C1240,Angela Peterson
C1241,Jeremy Smith
C1242,Isaiah Thomas
C1243,William Good
C1244,Kelly Chavez
C1245,Brian Moore
C1246,Gabriel Rodriguez
C1247,Dr. Brian Carter Jr.
C1248,Andrea Conley PhD
C1249,David Smith
C1250,Jose Myers
C1251,Gregory Stokes
C1252,Kiara Carrillo
C1253,Francis Carroll
C1254,Deborah Watson
C1255,Brian Santos
C1256,Jacob Bailey
C1257,Mariah Howard
C1258,Joshua Smith
C1259,Nathan Johnson
C1260,Susan Wright
C1261,James Ward
C1262,Kari Bailey
C1263,Abigail Bowen
C1264,John Mcintosh
C1265,Justin Lynch
C1266,Robert Scott
C1267,Craig Brooks
C1268,Rachel Edwards
C1269,Tara Cooke
C1270,Terry Henderson
C1271,John Snyder
C1272,Timothy Harris
C1273,Daniel Barnes
C1274,Lauren Smith
C1275,Justin Shannon
C1276,Lisa Cole
C1277,Monica Mullins
C1278,Alexander Briggs
C1279,Veronica Jones
C1280,Nicole Harper
C1281,Timothy Hayden
C1282,Brenda Olson
C1283,Patricia Hughes
C1284,Joseph Novak
C1285,Catherine Fisher
C1286,Karen Arias
C1287,Andrea Hale
C1288,Chelsea Cooper
C1289,Carla Chavez
C1290,Parker Taylor
C1291,Sandra Schultz
C1292,Mackenzie Smith
C1293,Tracy Winters
C1294,Brandi Wallace
C1295,Kristi Alexander
C1296,Brittany Campbell
C1297,Christopher Williams
C1298,Nathan Collins
C1299,Benjamin Gonzalez
C1300,Tammy Wilson
C1301,Karina Sawyer
C1302,Patricia Castillo
C1303,Jessica Wagner
C1304,Aaron Burns
C1305,Luke Rich
C1306,Tyler Armstrong
C1307,Norma Barr
C1308,Derek Davis
C1309,Heather Cordova
C1310,Stephanie Jones
C1311,Ashley Garner
C1312,Teresa Roth
C1313,Lisa Perkins
C1314,Philip Aguirre
C1315,Michael Aguilar
C1316,Shane Smith
C1317,Marie Garcia
C1318,Jessica Ross
C1319,Wesley Moss
C1320,Catherine Johnson
C1321,Julie Vargas
C1322,Lindsey Stewart
C1323,Jamie Schultz
C1324,Cathy Gibson
C1325,Michael Lloyd
C1326,Melissa Mcdaniel
C1327,Travis Gutierrez
C1328,Mrs. Katie Lee PhD
C1329,Patricia Mann
C1330,Melissa Hernandez
C1331,Christopher Barnett
C1332,Kristen Burton
C1333,Joanne Pierce
C1334,Joseph Weaver
C1335,Marcus Ruiz
C1336,Lori Schmidt
C1337,Carolyn Washington MD
C1338,Mary Garcia
C1339,Margaret Serrano
C1340,Dana Pearson
C1341,Danny Dunn
C1342,Rebecca Mcclure
C1343,Mackenzie Mullins
C1344,Angie Hernandez MD
C1345,Kristi Macdonald
C1346,Lawrence Leonard
C1347,Walter Davidson
C1348,Paul Carlson
C1349,Elizabeth Jacobs
C1350,Renee Buchanan
C1351,Carla Moreno
C1352,Tyler Rios
C1353,Aaron Warner
C1354,Joshua Cole
C1355,Katherine Brown
C1356,Holly Mcmahon
C1357,Jack Harrison
C1358,Brandon Patton
C1359,Leah Young
C1360,Kara Mccormick
C1361,Anthony Camacho
C1362,Edward Martin
C1363,Eric Butler
C1364,Scott Jones
C1365,Diane King
C1366,Russell Williams MD
C1367,Emily Randall
C1368,Patricia Gibson
C1369,Rebecca Jackson
C1370,Chad Liu
C1371,Sharon Barker
C1372,Alexander Webster
C1373,Heidi Alvarez
C1374,Lisa Johnson
C1375,David Zimmerman
C1376,Kyle Adams
C1377,Diane Hardin
C1378,Vincent Franco
C1379,Amanda Thomas
C1380,Michelle Johnson DDS
C1381,Jason Miller
C1382,Barbara Brown
C1383,Tammy Hernandez
C1384,Debra Wilson
C1385,Kathryn Clark
C1386,Kevin Garcia
C1387,Lori Smith
C1388,Robert Tanner
C1389,Becky Edwards
C1390,Sean Kidd
C1391,Eric Taylor
C1392,Sharon Cox
C1393,Christina Carter
C1394,Eric Peck
C1395,Melissa Wright
C1396,Lori White
C1397,Tammy Schroeder
C1398,Linda Allen
C1399,Dalton Johnson
C1400,Larry Pineda
C1401,Gregory Moore
C1402,Tracy Steele
C1403,Cheryl Porter
C1404,Ann Castaneda
C1405,Thomas George
C1406,Mary Costa
C1407,Dennis Williams PhD
C1408,Tabitha Patel
C1409,Anna Hill
C1410,Melissa Mullins
C1411,Jeffrey Hanson
C1412,Sarah Campbell
C1413,Judy Evans
C1414,Scott Baldwin
C1415,Jessica Smith
C1416,Joshua Jackson
C1417,Chad Brooks
C1418,Kyle Gill
C1419,Jillian Welch
C1420,Benjamin Williams
C1421,Mr. Shane Ruiz
C1422,Brooke Aguilar
C1423,Eduardo Jackson
C1424,Gregory Ashley
C1425,Jamie Sanchez
C1426,Miss Madison Murillo DDS
C1427,Miguel Mills
C1428,Melanie Lane
C1429,Shannon Floyd
C1430,Mark Mcdaniel
C1431,Melissa Kirk
C1432,Gloria Ortiz
C1433,Jean Stewart
C1434,Lance Mata
C1435,Lori Andersen
C1436,Erik Alvarez
C1437,Karina Wheeler
C1438,Henry Pineda
C1439,Julie Nunez
C1440,Tyrone Steele
C1441,Jamie Macias
C1442,Karen Black
C1443,Vincent Stone
C1444,Andrew Mcgee
C1445,Jennifer Hughes
C1446,Andrew Martin
C1447,Lisa White
C1448,Ashley Garcia
C1449,Michael Pham
C1450,Sean Smith
C1451,Kaitlyn Dyer
C1452,William Miller
C1453,Cory Johnson
C1454,Eric Rodriguez
C1455,Aaron Benson
C1456,Michael Butler
C1457,Craig Horton
C1458,Cassandra Lee
C1459,Michelle Vaughn
C1460,Rachel Garrett
C1461,Craig Diaz
C1462,Michael Newton
C1463,Anne Reyes
C1464,Joshua Sellers
C1465,David Reid
C1466,Patricia Hall
C1467,Nicole Sparks
C1468,Tyler Padilla
C1469,Mark Nguyen
C1470,Devin Allen
C1471,Michele Powell
C1472,Jonathan Ballard
C1473,Dana Franklin
C1474,Stephen Robinson
C1475,Brent Wiley
C1476,Timothy Soto
C1477,Veronica Richmond
C1478,Steven Blake
C1479,Mary Greene
C1480,Joseph Wilson
C1481,Crystal Klein
C1482,Peter Hensley
C1483,Savannah Miller
C1484,Edward Lee
C1485,Russell Alexander
C1486,Christina Moore
C1487,Susan Estes
C1488,Gabrielle Mcguire
C1489,Jodi Brown
C1490,Stacy Lowery
C1491,Matthew Allison
C1492,Michael Fowler
C1493,Jennifer Clark
C1494,Eric Cook
C1495,Heather Lynn
C1496,Randy Griffin
C1497,Paul Leach
C1498,Susan Bass
C1499,George Foster
C1500,Daniel Nichols
C1501,Makayla Smith
C1502,Patrick Jones
C1503,Andrea Martinez
C1504,Mrs. Kara Ford
C1505,Rhonda Andrade
C1506,Gerald Butler
C1507,David Chavez
C1508,Christopher Moran
C1509,Joy Hart
C1510,Sara White
C1511,Nicolas Neal
C1512,Bryan Mccullough
C1513,Diana Flores
C1514,Edward Berry
C1515,Tiffany Reynolds
C1516,Christine Jenkins
C1517,Dr. Laura Jackson MD
C1518,Mary Smith
C1519,Thomas Shea
C1520,Heather Rice
C1521,Linda Brown
C1522,William Schwartz
C1523,Timothy Duncan
C1524,Cassidy Washington
C1525,Travis Davis
C1526,Lori Nguyen
C1527,Timothy Marquez
C1528,Scott Pearson
C1529,Anna Green
C1530,Amanda Lopez
C1531,Angela Woods
C1532,Frank Green
C1533,Susan Oneill
C1534,John Moon
C1535,Ryan Dean
C1536,Jamie Henson
C1537,Walter Simmons
C1538,Lisa Taylor
C1539,Marilyn Holmes
C1540,Kevin Schaefer
C1541,Mindy Williams
C1542,Erin Gonzales
C1543,Mrs. Michele Fleming
C1544,Melvin Clark
C1545,Sabrina Morgan
C1546,Pamela Trujillo
C1547,Marvin Smith
C1548,David Moore
C1549,Michelle King
C1550,Maria Simpson
C1551,Gregory Hill
C1552,Alicia Edwards
C1553,Mr. Keith Beasley
C1554,Gary Allen
C1555,Dr. Emma Fry DVM
C1556,Matthew Harper
C1557,Tiffany Murphy
C1558,Jesse Khan
C1559,Spencer Walter
C1560,Samantha Martin
C1561,Geoffrey Perez
C1562,Corey Phillips
C1563,Gary Cook
C1564,Sarah Gordon
C1565,Danny Carr
C1566,Louis Baker
C1567,Catherine Newman
C1568,Douglas Cruz
C1569,Tracy Lloyd
C1570,Carol Smith
C1571,Robert Richard
C1572,John Richards
C1573,Samantha Perkins
C1574,Melissa Lopez
C1575,Angela Best
C1576,Taylor Smith
C1577,Angel Baker
C1578,Jessica Ellis
C1579,Seth Holmes
C1580,Tina Martinez
C1581,Rebecca Smith
C1582,Mrs. Patricia Le
C1583,David Evans
C1584,Alexis Ramirez
C1585,Zachary Hunt
C1586,Jason Parker
C1587,Nichole Castro
C1588,James Martinez
C1589,Maurice Murphy IV
C1590,Courtney Wagner
C1591,Joshua Molina
C1592,Miguel Webster
C1593,Paige Torres
C1594,Sandy Johnson
C1595,Ashley Parker
C1596,Melinda Allen
C1597,Dawn Wilson
C1598,Albert Baxter
C1599,Debra Day
C1600,Bruce Morris
C1601,Monica Buck
C1602,Brandon Chavez
C1603,Robert Anderson
C1604,Aaron Flynn
C1605,Margaret Wells
C1606,Lisa Baldwin DDS
C1607,Dustin Williams
C1608,Mallory Butler
C1609,Eric Hansen
C1610,Jeffrey Baker
C1611,Aaron Martinez PhD
C1612,Vanessa Gonzalez
C1613,Jonathan Miller
C1614,Suzanne Johnson
C1615,Brenda King
C1616,Erica Jones
C1617,Mikayla Campbell
C1618,Shawn Lyons
C1619,Lauren Cole
C1620,Jessica Foster
C1621,Daniel Walker
C1622,Kara Oneal
C1623,Jacob Villanueva
C1624,Jodi Pratt
C1625,Kevin Hernandez
C1626,Karl Collins
C1627,Scott Garcia
C1628,Justin Holt
C1629,Christian Chambers
C1630,Alexander Stuart
C1631,Dustin Campbell
C1632,Krystal Evans
C1633,Vanessa Gibson
C1634,Daniel Daugherty
C1635,Chelsea Wiggins
C1636,Denise Cooper
C1637,Chelsea Gross
C1638,Samantha Fields
C1639,Patrick Melton
C1640,Matthew Wilson
C1641,Jeffrey Bell
C1642,Jared Rice
C1643,Ronald Taylor
C1644,Sara Scott
C1645,Jackson Mcdaniel
C1646,Angel Smith
C1647,Brittany Cantu
C1648,Eric Roy
C1649,Nichole Newman
C1650,Justin Dominguez MD
C1651,Emily Hardin
C1652,Carlos Moyer
C1653,Paul Mercado
C1654,Jason Rose
C1655,Douglas Harper
C1656,Matthew Charles
C1657,Andrew Reid
C1658,Curtis Cooper
C1659,Troy Ritter
C1660,Anthony Davis III
C1661,Michelle Horton
C1662,Andrea Sanders
C1663,Sean Weaver
C1664,Christina Steele
C1665,Daniel Cain
C1666,Phyllis Hall
C1667,Diane Lewis
C1668,Jorge Hicks
C1669,Vanessa Murphy
C1670,Susan Jones
C1671,Lisa Love
C1672,Nichole Hill
C1673,Victoria Wright
C1674,Abigail Young
C1675,Fred Stone
C1676,Dale Williams
C1677,Karen Schmitt
C1678,Andrew Shaffer
C1679,Scott Burns
C1680,Maria Andrews
C1681,Teresa Daniels
C1682,Ian Williams
C1683,Brittney Kemp
C1684,Scott Peters
C1685,Erin Mcgee
C1686,Maria Dyer
C1687,Rachel Lee
C1688,Christopher Saunders
C1689,Jose Vega
C1690,Todd Hendricks
C1691,Thomas Bryan
C1692,Nathan Page
C1693,Kyle Fisher
C1694,James Mullins
C1695,Michelle Torres
C1696,Erik Clark
C1697,Adam Kennedy
C1698,Jordan Adams
C1699,John Black
C1700,Tanya Hernandez
C1701,Mark Brown
C1702,Mary Benson
C1703,Isaiah Petty
C1704,Travis Barker
C1705,Kristen Mendoza
C1706,Lisa Heath
C1707,Rebecca Harrell
C1708,Susan Mclean
C1709,Christopher Barker
C1710,Jacob Spencer
C1711,Joseph Russell
C1712,Randall Trujillo
C1713,Kristin Mccarty
C1714,Evelyn Phelps
C1715,Jonathan Rodgers
C1716,Mary Gallagher
C1717,Todd Brooks
C1718,Lucas Tran
C1719,Jennifer Sanford
C1720,Andrew Williams
C1721,Nancy Ruiz
C1722,Victoria Sandoval
C1723,Daniel Smith
C1724,Lindsay Davis
C1725,Jeffery Miller
C1726,Tom Walker
C1727,Shannon Schwartz
C1728,Nicholas Cruz
C1729,James Henderson
C1730,Barbara Hodges
C1731,Kevin Douglas
C1732,Brenda Smith
C1733,Julie Morris
C1734,Scott Ramos
C1735,Jose Mccall
C1736,Stephen Carter
C1737,Gregory Ayers
C1738,Jon Mooney
C1739,Jesse Park
C1740,Timothy Molina
C1741,Cameron Weaver
C1742,Derek Gonzalez
C1743,Philip Morrison
C1744,Karen Roberts
C1745,Christopher Jackson
C1746,Angela Knight
C1747,Cassandra Newman
C1748,Heather Stephens
C1749,Thomas Sanchez
C1750,William Black
C1751,Courtney Lee
C1752,Timothy Simmons
C1753,Holly Allen
C1754,John Harrington
C1755,Mary Dunn
C1756,Robert Hayes
C1757,Kelsey Reynolds
C1758,Mr. Daniel Munoz
C1759,Karla Boyd
C1760,Roger Holland
C1761,Louis Chapman
C1762,Roger Cunningham
C1763,Jennifer Santiago
C1764,Troy Marquez
C1765,Samantha Palmer PhD
C1766,Christine Morrison
C1767,Shane Adams
C1768,Eric Moore
C1769,Sonya Macdonald
C1770,Gina Nichols
C1771,April Hardin
C1772,Jason Cruz
C1773,Lisa Sutton
C1774,Lori Moreno
C1775,Kelsey Ramirez
C1776,Chad Mora
C1777,Mary Morris
C1778,Jon Gibson
C1779,Shannon Young
C1780,Michael Nguyen
C1781,Jeremiah Rodriguez
C1782,Richard Adkins
C1783,Lindsay Banks
C1784,Matthew Thomas
C1785,Benjamin Salazar
C1786,Regina Armstrong
C1787,Adam Reed
C1788,Adam Gillespie
C1789,James Simmons
C1790,Sierra Doyle
C1791,Jesse Salazar
C1792,Michael Morse
C1793,Taylor Walker
C1794,Brandon Waller
C1795,Sharon Garcia
C1796,Brandon Johnson
C1797,Juan Martinez
C1798,Michael Cherry
C1799,Danielle Austin
C1800,Jocelyn Dickson
C1801,Daniel Cabrera
C1802,Daniel Dillon
C1803,Connor Baxter II
C1804,Jennifer Parker
C1805,Bethany Burton
C1806,Anthony Hutchinson
C1807,Bruce Reed
C1808,Caitlin Charles
C1809,Joshua Randall
C1810,Sergio Lowe
C1811,Brandy Warren
C1812,Marcus Jones
C1813,Brian Walker
C1814,Stephen Murillo
C1815,Lisa Rowe
C1816,Rebecca Smith
C1817,Patricia Lewis
C1818,Susan Barnett
C1819,Jeanette Small
C1820,Cheryl Black
C1821,Christopher Higgins
C1822,Timothy Myers
C1823,Donna Matthews
C1824,Joseph Gonzalez
C1825,Anne Gomez
C1826,Zoe Frank
C1827,Jacqueline Novak
C1828,Julie Greer
C1829,Hector Lin
C1830,Sara Garcia
C1831,James Vasquez
C1832,Mary Hood
C1833,Patricia Armstrong
C1834,Courtney Lee
C1835,Benjamin Hart
C1836,John Cardenas
C1837,Sean Carey
C1838,Christopher Valentine
C1839,Stephanie Buckley
C1840,Kevin Mathis
C1841,Ashley Sanchez
C1842,Nicholas Valencia
C1843,Donna Stein
C1844,Michelle Graham
C1845,Samuel Warren
C1846,Suzanne Benson
C1847,Anthony Taylor
C1848,Amanda Farmer
C1849,Kimberly Rocha MD
C1850,Jillian Bray
C1851,Danielle Hughes
C1852,Victor Hicks
C1853,Kylie Mcconnell
C1854,Nicole Kelly
C1855,Janet Pearson
C1856,Heather Cowan
C1857,Carlos Ponce
C1858,Sandra Dunlap
C1859,Nicholas Gray
C1860,Julie Allen
C1861,Kimberly Davis
C1862,William Hickman
C1863,Barbara Young
C1864,Bethany Allen
C1865,Tammy Snow
C1866,Megan Gonzalez
C1867,Brian Cook
C1868,Benjamin Le
C1869,Michael Jones
C1870,Diana Hill
C1871,Stacy Johnson
C1872,Bonnie Murphy
C1873,Jennifer Lucas
C1874,Melissa Cervantes
C1875,Cheryl Stewart
C1876,Kimberly Gardner
C1877,Paul Jefferson
C1878,Jennifer Moreno DDS
C1879,Ann Hunter
C1880,Dominique Brown
C1881,Caitlin Walker
C1882,Lori Kemp
C1883,Andrew Cruz
C1884,Kimberly Smith
C1885,Matthew Conner
C1886,Alison Hill
C1887,Allison Jones
C1888,Victoria Ward
C1889,Rachel Smith
C1890,Adam Walker
C1891,Scott Gardner
C1892,Connor Powell
C1893,John Herrera
C1894,Mary Collins
C1895,Jamie Swanson
C1896,Sarah Riley
C1897,Sara Lopez
C1898,Timothy Phillips
C1899,Rachel Hamilton DVM
C1900,Thomas Mcdonald
C1901,James Martinez
C1902,Cassandra Schultz
C1903,Jillian Sanders
C1904,Cody Sparks
C1905,Stephanie Johnson
C1906,Dominique Cardenas
C1907,Mark Swanson
C1908,Logan Hernandez
C1909,Justin Miller
C1910,Monica Scott
C1911,Samantha Franklin
C1912,Paige Wilson
C1913,Jocelyn Velasquez
C1914,Scott Durham
C1915,Stacey Duarte
C1916,Betty Hill
C1917,Victor Freeman
C1918,Victoria Elliott
C1919,Jeremy Williams
C1920,Bobby Moon
C1921,Matthew Nixon
C1922,Daniel Brooks
C1923,Jennifer Lang
C1924,Sara Patterson
C1925,Linda Garcia
C1926,John Clark
C1927,Austin Ramirez
C1928,Molly Morris
C1929,Daniel Munoz
C1930,Jose Bradley
C1931,Brian Bartlett
C1932,Russell Hammond
C1933,Monica Brennan
C1934,Jason Davis
C1935,Danielle Waters
C1936,Austin Campbell
C1937,Jenny Ramirez
C1938,Vanessa Aguirre
C1939,Travis Hernandez
C1940,Andrew George
C1941,Shawn Colon
C1942,Brian Olson
C1943,Thomas Williams
C1944,Michele Flores
C1945,Bryan Chapman
C1946,Jonathan Smith
C1947,Catherine Nguyen
C1948,Shelly Jenkins
C1949,Sean Martinez
C1950,Linda Moore
C1951,Debra Hernandez
C1952,Michael Townsend
C1953,Bryan Mcmahon
C1954,Theresa Jenkins
C1955,Susan Graham
C1956,Amanda Campbell
C1957,John Acosta
C1958,Douglas Sanchez
C1959,Michael Prince
C1960,Amber Mitchell
C1961,Guy Warren
C1962,Ricardo Parker
C1963,Lisa Rodriguez
C1964,Gabriel Shelton
C1965,Matthew Taylor
C1966,Pamela Wood
C1967,Lorraine Terry
C1968,Ruth Steele
C1969,Joshua Miller
C1970,William Rivera
C1971,Shane Mosley
C1972,Melissa Hayes
C1973,Paul Rubio
C1974,Paul Weaver
C1975,Michael Wilson
C1976,Shelia Jones
C1977,Joseph White
C1978,Elizabeth Cole DVM
C1979,Nicholas Hernandez
C1980,Sandra Spence
C1981,Mason Johnson
C1982,James Lee
C1983,William Lowery
C1984,Tammy Valdez
C1985,Patricia Diaz
C1986,Courtney Kennedy
C1987,Candace Marquez
C1988,Jessica Rogers
C1989,Charles Lang
C1990,Robert Larson
C1991,Susan Carroll
C1992,Amy Fletcher
C1993,David Foster
C1994,Tina Stephenson
C1995,Robin White
C1996,Susan Nelson
C1997,Samuel Miller
C1998,Bradley Arnold
C1999,Victor Rowe
C2000,Angela Brown
