product_id,product_name,price
P1,information,189
P2,ability,1260
P3,red,1496
P4,admit,666
P5,stage,398
P6,actually,1011
P7,during,1172
P8,responsibility,99
P9,consumer,1409
P10,product,1422
P11,anything,1057
P12,shoulder,1239
P13,add,1136
P14,sure,1069
P15,thing,740
P16,situation,581
P17,technology,717
P18,officer,1062
P19,road,1072
P20,phone,823
P21,future,1319
P22,camera,378
P23,focus,1033
P24,raise,213
P25,Republican,1036
P26,section,1268
P27,second,991
P28,production,1073
P29,agree,225
P30,themselves,448
P31,knowledge,1459
P32,television,319
P33,gun,234
P34,nearly,595
P35,none,145
P36,eight,1348
P37,couple,278
P38,individual,1157
P39,speak,456
P40,when,159
P41,consider,1045
P42,past,1103
P43,light,859
P44,why,1231
P45,answer,1380
P46,medical,1409
P47,environmental,542
P48,east,96
P49,career,400
P50,music,937
P51,account,1071
P52,social,1409
P53,draw,353
P54,peace,341
P55,concern,1196
P56,field,188
P57,present,266
P58,language,1254
P59,realize,1032
P60,foot,79
P61,yourself,956
P62,real,538
P63,leave,157
P64,market,904
P65,child,277
P66,discussion,484
P67,organization,747
P68,lot,247
P69,write,547
P70,film,1213
P71,want,937
P72,unit,974
P73,right,177
P74,report,255
P75,important,844
P76,score,478
P77,recognize,1376
P78,probably,594
P79,line,953
P80,notice,1282
P81,owner,1157
P82,little,283
P83,practice,39
P84,although,336
P85,need,845
P86,baby,766
P87,serious,522
P88,add,647
P89,after,1104
P90,where,462
P91,personal,214
P92,local,519
P93,on,69
P94,skill,655
P95,up,284
P96,animal,188
P97,floor,1273
P98,home,650
P99,five,1457
P100,but,479
P101,identify,1143
P102,between,151
P103,western,180
P104,pass,1446
P105,old,984
P106,like,303
P107,audience,1197
P108,hit,499
P109,bank,1302
P110,soon,914
P111,finally,1472
P112,respond,341
P113,wonder,458
P114,suddenly,1380
P115,book,1085
P116,crime,156
P117,everything,195
P118,heavy,1347
P119,allow,261
P120,treat,85
P121,bit,1108
P122,trip,1043
P123,party,883
P124,also,883
P125,better,666
P126,provide,877
P127,between,317
P128,hair,1212
P129,here,450
P130,use,625
P131,medical,1005
P132,possible,756
P133,already,1475
P134,he,181
P135,eat,214
P136,score,524
P137,black,587
P138,mention,1337
P139,central,846
P140,several,750
P141,discussion,996
P142,although,788
P143,best,544
P144,pick,1218
P145,prevent,413
P146,imagine,371
P147,check,981
P148,key,20
P149,would,835
P150,under,522
P151,system,655
P152,edge,481
P153,choose,153
P154,property,1233
P155,goal,134
P156,bank,1168
P157,teach,602
P158,not,940
P159,start,1421
P160,choice,1435
P161,probably,575
P162,probably,317
P163,eight,594
P164,direction,744
P165,research,599
P166,work,416
P167,individual,1077
P168,treat,1013
P169,shoulder,322
P170,common,1019
P171,inside,321
P172,million,282
P173,majority,82
P174,option,357
P175,history,115
P176,listen,428
P177,Congress,174
P178,firm,726
P179,father,1315
P180,trial,879
P181,cost,574
P182,policy,879
P183,me,568
P184,model,967
P185,individual,1449
P186,skin,385
P187,consumer,199
P188,president,1209
P189,southern,1174
P190,oil,762
P191,international,707
P192,road,917
P193,Congress,1245
P194,front,296
P195,city,890
P196,inside,26
P197,determine,1125
P198,court,1114
P199,network,766
P200,green,412
P201,account,241
P202,recently,1498
P203,become,1176
P204,foot,1243
P205,toward,725
P206,land,1246
P207,worker,596
P208,resource,1135
P209,chance,488
P210,task,820
P211,rest,322
P212,start,852
P213,church,1196
P214,free,1100
P215,politics,201
P216,field,1381
P217,day,609
P218,protect,1178
P219,full,962
P220,money,108
P221,together,1057
P222,ball,778
P223,senior,937
P224,learn,783
P225,attorney,1455
P226,wife,1494
P227,upon,1487
P228,response,1372
P229,but,211
P230,civil,1458
P231,reason,493
P232,executive,473
P233,training,1097
P234,box,337
P235,argue,1047
P236,live,128
P237,two,1309
P238,involve,633
P239,news,1382
P240,fear,768
P241,that,1107
P242,agree,1268
P243,this,595
P244,stage,258
P245,kid,592
P246,really,878
P247,look,1217
P248,certain,658
P249,campaign,34
P250,huge,1226
P251,early,1296
P252,traditional,909
P253,magazine,1294
P254,per,889
P255,affect,308
P256,for,65
P257,field,247
P258,actually,318
P259,tonight,762
P260,writer,549
P261,past,903
P262,space,615
P263,need,206
P264,serious,1138
P265,hotel,730
P266,study,1319
P267,note,1162
P268,available,401
P269,quality,1337
P270,stand,554
P271,into,1060
P272,page,736
P273,phone,1362
P274,goal,884
P275,force,392
P276,physical,223
P277,adult,784
P278,per,62
P279,writer,386
P280,change,352
P281,hand,769
P282,customer,1427
P283,significant,1404
P284,concern,739
P285,stage,54
P286,between,519
P287,loss,479
P288,check,312
P289,if,859
P290,design,160
P291,effort,536
P292,current,1399
P293,simple,1323
P294,piece,282
P295,save,588
P296,than,1352
P297,know,1277
P298,believe,611
P299,drug,1002
P300,cell,1111
P301,Mrs,43
P302,toward,161
P303,senior,129
P304,drop,182
P305,training,150
P306,consumer,95
P307,keep,110
P308,fly,1490
P309,never,253
P310,mother,116
P311,listen,1135
P312,purpose,192
P313,chance,489
P314,use,508
P315,if,546
P316,too,1342
P317,although,1179
P318,reveal,752
P319,peace,1235
P320,realize,920
P321,foot,1111
P322,if,25
P323,case,1008
P324,sing,998
P325,see,1039
P326,fight,296
P327,pick,56
P328,seem,1439
P329,team,640
P330,course,42
P331,notice,398
P332,others,1140
P333,raise,533
P334,give,514
P335,animal,601
P336,animal,1055
P337,which,394
P338,expert,1266
P339,dog,201
P340,yourself,608
P341,give,1265
P342,give,480
P343,American,845
P344,later,435
P345,fact,198
P346,we,835
P347,southern,327
P348,list,1344
P349,through,165
P350,ten,196
P351,movie,260
P352,attack,1068
P353,generation,1048
P354,economy,597
P355,goal,384
P356,draw,849
P357,local,1335
P358,ago,31
P359,control,1026
P360,relate,995
P361,page,108
P362,do,32
P363,person,1304
P364,its,222
P365,pressure,1436
P366,create,1329
P367,leader,635
P368,type,118
P369,medical,552
P370,long,1477
P371,discussion,982
P372,learn,785
P373,conference,816
P374,entire,1298
P375,relate,1171
P376,threat,392
P377,word,367
P378,offer,681
P379,program,519
P380,drop,1290
P381,recognize,301
P382,expert,297
P383,other,951
P384,power,555
P385,animal,582
P386,participant,1420
P387,eat,611
P388,hand,266
P389,fast,1351
P390,represent,160
P391,early,1274
P392,statement,1478
P393,color,1040
P394,wear,423
P395,somebody,1168
P396,thus,86
P397,allow,1395
P398,voice,31
P399,magazine,1183
P400,alone,847
P401,image,1406
P402,magazine,1237
P403,garden,1436
P404,even,1187
P405,billion,330
P406,blue,314
P407,level,764
P408,political,1276
P409,let,662
P410,indicate,1270
P411,nature,504
P412,wife,521
P413,worker,1091
P414,drug,513
P415,cause,347
P416,just,931
P417,by,705
P418,dream,1104
P419,live,1060
P420,school,246
P421,speak,1470
P422,suggest,1359
P423,firm,192
P424,however,605
P425,second,1207
P426,account,797
P427,near,854
P428,foreign,999
P429,situation,577
P430,large,1350
P431,simply,183
P432,usually,1119
P433,bring,1025
P434,both,1333
P435,prepare,1209
P436,build,978
P437,alone,218
P438,reveal,1306
P439,unit,973
P440,sit,170
P441,west,1392
P442,their,698
P443,music,1194
P444,close,198
P445,good,174
P446,million,1434
P447,trouble,737
P448,letter,943
P449,important,842
P450,computer,350
P451,center,1137
P452,arm,617
P453,process,1383
P454,surface,65
P455,leader,211
P456,how,899
P457,dog,1054
P458,election,1033
P459,certainly,689
P460,board,728
P461,it,47
P462,item,1284
P463,report,538
P464,likely,1283
P465,painting,937
P466,medical,795
P467,work,1322
P468,provide,530
P469,impact,682
P470,office,80
P471,finally,1320
P472,still,1194
P473,up,1041
P474,total,328
P475,son,351
P476,avoid,490
P477,usually,1252
P478,American,168
P479,now,1030
P480,media,1113
P481,community,1199
P482,us,1475
P483,war,978
P484,allow,1170
P485,modern,928
P486,social,1490
P487,entire,292
P488,policy,843
P489,challenge,761
P490,six,230
P491,treat,75
P492,watch,1239
P493,tough,298
P494,full,741
P495,hot,292
P496,onto,1079
P497,organization,131
P498,attack,599
P499,strong,234
P500,economic,572
